time,title,make,model,modelTitle,condition,year,price,monthly_payment,mileage,dealer,region,state,link,value
2025-07-16 21:53:21.029494,Certified 2023 Hyundai Kona N Base,Hyundai,hyundai-kona_n,Hyundai Kona N Base,Certified,2023,"$27,999",$506/mo,"26,667 mi.",Lee Johnson Hyundai of Everett,"Everett, WA",WA,https://www.cars.com/vehicledetail/143d7de7-468c-47a7-9a9f-4485ac975cfa/?attribution_type=se_rp,40.02
2025-07-16 21:53:21.030727,Used 2023 Hyundai Kona N FWD,Hyundai,hyundai-kona_n,Hyundai Kona N FWD,Used,2023,"$27,215",$492/mo,"29,484 mi.",Volkswagen of Salem,"Salem, OR",OR,https://www.cars.com/vehicledetail/cc2e82ad-320c-4b61-b4ca-fae47451aa73/?attribution_type=se_rp,39.92
2025-07-16 21:53:21.030727,Used 2022 Hyundai Kona N Base,Hyundai,hyundai-kona_n,Hyundai Kona N Base,Used,2022,"$28,988",$524/mo,"15,697 mi.","Northtowne Volkswagen, Hyundai, Mazda","Kansas City, MO",MO,https://www.cars.com/vehicledetail/33af7dc1-7ba0-4c33-934a-81824431fd71/?attribution_type=se_rp,40.07
2025-07-16 21:53:21.030727,Used 2022 Hyundai Kona N Base,Hyundai,hyundai-kona_n,Hyundai Kona N Base,Used,2022,"$27,499",$497/mo,"22,987 mi.",Hennessy Cadillac,"Duluth, GA",GA,https://www.cars.com/vehicledetail/dc0bf4ac-b825-4ebd-aa87-c0bc624fbea0/?attribution_type=se_rp,39.88
2025-07-16 21:53:21.031730,Used 2022 Hyundai Kona N 4DR FWD,Hyundai,hyundai-kona_n,Hyundai Kona N 4DR FWD,Used,2022,"$26,498",$479/mo,"17,941 mi.",Uftring Weston Chevrolet Cadillac,"Peoria, IL",IL,https://www.cars.com/vehicledetail/d2ac449e-298e-4f3d-8716-f4d4de7b8bc3/?attribution_type=se_rp,39.75
2025-07-16 21:53:21.032732,Used 2023 Hyundai Kona N Base,Hyundai,hyundai-kona_n,Hyundai Kona N Base,Used,2023,"$28,888",$522/mo,"18,161 mi.",Andy Mohr Avon Nissan,"Avon, IN",IN,https://www.cars.com/vehicledetail/f3c95021-dbf0-47d7-9e01-39a73564b4f1/?attribution_type=se_rp,40.12
2025-07-16 21:53:21.033105,Used 2022 Hyundai Kona N Base,Hyundai,hyundai-kona_n,Hyundai Kona N Base,Used,2022,"$19,995",$361/mo,"70,804 mi.",Tonkin Hillsboro Chevrolet,"Hillsboro, OR",OR,https://www.cars.com/vehicledetail/4c1222fa-f438-499e-923d-2445924248ad/?attribution_type=se_rp,39.05
2025-07-16 21:53:21.033105,Used 2023 Hyundai Kona N Base,Hyundai,hyundai-kona_n,Hyundai Kona N Base,Used,2023,"$24,000",$434/mo,"42,395 mi.",Hyundai of Louisville,"Louisville, KY",KY,https://www.cars.com/vehicledetail/3ca43ff0-527d-4379-8b27-2689024dd3f9/?attribution_type=se_rp,39.52
2025-07-16 21:53:21.033105,Used 2022 Hyundai Kona N Base,Hyundai,hyundai-kona_n,Hyundai Kona N Base,Used,2022,"$21,987",$397/mo,"74,594 mi.",Greg LeBlanc Hyundai,"Houma, LA",LA,https://www.cars.com/vehicledetail/c14f765e-1fa8-48a9-887f-c53d2169ffca/?attribution_type=se_rp,39.32
2025-07-16 21:53:21.034236,Used 2022 Hyundai Kona N Base,Hyundai,hyundai-kona_n,Hyundai Kona N Base,Used,2022,"$18,918",$342/mo,"70,576 mi.",Excel Auto Lounge,"Hightstown, NJ",NJ,https://www.cars.com/vehicledetail/f2e6c1b9-ad9a-42cc-a5f0-c8d99997f7b6/?attribution_type=se_rp,38.92
2025-07-16 21:53:24.489431,Used 2026 Hyundai IONIQ 9 Performance Limited,Hyundai,hyundai-ioniq_9,Hyundai IONIQ 9 Performance Limited,Used,2026,"$67,978",$1229/mo,467 mi.,Murfreesboro Hyundai,"Murfreesboro, TN",TN,https://www.cars.com/vehicledetail/eca048f9-e9fd-4ca3-9f73-0c700b523f26/?attribution_type=se_rp,49.85
2025-07-16 21:53:22.667484,Certified 2025 Hyundai PALISADE Calligraphy,Hyundai,hyundai-palisade,Hyundai PALISADE Calligraphy,Certified,2025,"$49,800",$900/mo,500 mi.,Safford Brown Hyundai Manassas,"Manassas, VA",VA,https://www.cars.com/vehicledetail/01d1b400-d284-484c-8aea-632aed48a7bc/,43.45
2025-07-16 21:53:22.667484,Used 2022 Hyundai PALISADE Calligraphy,Hyundai,hyundai-palisade,Hyundai PALISADE Calligraphy,Used,2022,"$32,488",$587/mo,"58,563 mi.",Fitzgerald Subaru of Gaithersburg,"Gaithersburg, MD",MD,https://www.cars.com/vehicledetail/09d00764-a209-4211-93d0-b09ec249ab8f/,40.58
2025-07-16 21:53:22.667484,Used 2025 Hyundai PALISADE Calligraphy Night Edition,Hyundai,hyundai-palisade,Hyundai PALISADE Calligraphy Night Edition,Used,2025,"$47,675",$862/mo,"7,002 mi.",Chevy Chase Acura,"Bethesda, MD",MD,https://www.cars.com/vehicledetail/60f10006-0674-4886-b42d-7dc36768105e/,43.02
2025-07-16 21:53:22.668488,Used 2022 Hyundai PALISADE Limited,Hyundai,hyundai-palisade,Hyundai PALISADE Limited,Used,2022,"$37,999",$687/mo,"11,426 mi.",Perfect Auto,"Manassas, VA",VA,https://www.cars.com/vehicledetail/2b51dae8-67c4-4580-bc35-ae702ee5a140/,41.23
2025-07-16 21:53:22.669101,Used 2023 Hyundai PALISADE XRT,Hyundai,hyundai-palisade,Hyundai PALISADE XRT,Used,2023,"$38,777",$701/mo,"20,626 mi.",Pohanka Lexus,"Chantilly, VA",VA,https://www.cars.com/vehicledetail/053a5de7-8015-4bd0-a845-fe4e0327d6b9/,41.42
2025-07-16 21:53:22.669487,Used 2023 Hyundai PALISADE SEL,Hyundai,hyundai-palisade,Hyundai PALISADE SEL,Used,2023,"$34,994",$632/mo,"26,088 mi.",Safford Brown Hyundai Fairfax,"Fairfax, VA",VA,https://www.cars.com/vehicledetail/74f7c006-b5f6-465e-91bb-b405375bb568/,40.9
2025-07-16 21:53:22.669487,Used 2020 Hyundai PALISADE SEL,Hyundai,hyundai-palisade,Hyundai PALISADE SEL,Used,2020,"$23,250",$420/mo,"64,215 mi.",Koons Tysons Toyota,"Vienna, VA",VA,https://www.cars.com/vehicledetail/c099cfe4-498c-4888-81fb-82f4be3ac5c9/,39.32
2025-07-16 21:53:22.670489,Used 2021 Hyundai PALISADE Calligraphy,Hyundai,hyundai-palisade,Hyundai PALISADE Calligraphy,Used,2021,"$23,800",$430/mo,"116,080 mi.",Safford Brown Hyundai Manassas,"Manassas, VA",VA,https://www.cars.com/vehicledetail/a9c9bf07-385e-49fb-86d5-dfdfe2b808d5/,39.78
2025-07-16 21:53:22.671494,Used 2020 Hyundai PALISADE Limited,Hyundai,hyundai-palisade,Hyundai PALISADE Limited,Used,2020,"$25,000",$452/mo,"92,418 mi.",Ourisman Honda of Tysons Corner,"Vienna, VA",VA,https://www.cars.com/vehicledetail/ff25ad66-4538-46e3-a10e-9529dc3e2209/,39.72
2025-07-16 21:53:22.671494,Used 2025 Hyundai PALISADE SEL,Hyundai,hyundai-palisade,Hyundai PALISADE SEL,Used,2025,"$39,998",$723/mo,"10,290 mi.",CarMax Dulles,"Sterling, VA",VA,https://www.cars.com/vehicledetail/c6449bcf-94ee-4108-a904-c8403972c42a/,41.75
2025-07-16 21:53:22.672494,Used 2022 Hyundai PALISADE SEL,Hyundai,hyundai-palisade,Hyundai PALISADE SEL,Used,2022,"$32,995",$596/mo,"29,705 mi.",DARCARS Kia of Frederick,"Frederick, MD",MD,https://www.cars.com/vehicledetail/6f9f6e8a-e193-4acd-afea-c130284794ec/,40.58
2025-07-16 21:53:22.672494,Used 2022 Hyundai PALISADE SEL,Hyundai,hyundai-palisade,Hyundai PALISADE SEL,Used,2022,"$29,988",$542/mo,"48,847 mi.",Fitzgerald Gaithersburg Hyundai,"Gaithersburg, MD",MD,https://www.cars.com/vehicledetail/57a6cfa4-6b13-401c-808d-641e4fb8f245/,40.22
2025-07-16 21:53:22.672494,Used 2020 Hyundai PALISADE Limited,Hyundai,hyundai-palisade,Hyundai PALISADE Limited,Used,2020,"$23,743",$429/mo,"106,594 mi.",Pohanka Acura,"Chantilly, VA",VA,https://www.cars.com/vehicledetail/f7513f3e-6044-479d-a7c4-49905ccace39/,39.66
2025-07-16 21:53:22.673496,Used 2020 Hyundai PALISADE Limited,Hyundai,hyundai-palisade,Hyundai PALISADE Limited,Used,2020,"$22,750",$411/mo,"101,347 mi.",Mercedes-Benz of Tysons Corner,"Vienna, VA",VA,https://www.cars.com/vehicledetail/535ef623-0616-4ca2-b18d-517b66a2c06b/,39.5
2025-07-16 21:53:22.673496,Used 2022 Hyundai PALISADE SEL,Hyundai,hyundai-palisade,Hyundai PALISADE SEL,Used,2022,"$31,588",$571/mo,"28,654 mi.",Genesis of Rockville,"Rockville, MD",MD,https://www.cars.com/vehicledetail/a7ece3e3-b8a1-492d-b840-980e8b4fc120/,40.41
2025-07-16 21:53:22.674493,Used 2021 Hyundai PALISADE Calligraphy,Hyundai,hyundai-palisade,Hyundai PALISADE Calligraphy,Used,2021,"$30,968",$560/mo,"65,335 mi.",Sheehy Volkswagen of Hagerstown,"Hagerstown, MD",MD,https://www.cars.com/vehicledetail/15f6176e-fe1e-4579-956e-5fbd16c0654c/,40.35
2025-07-16 21:53:22.674493,Used 2021 Hyundai PALISADE Calligraphy,Hyundai,hyundai-palisade,Hyundai PALISADE Calligraphy,Used,2021,"$31,876",$576/mo,"79,313 mi.",Thornton Automotive Dover,"Dover, PA",PA,https://www.cars.com/vehicledetail/e311d61c-3f60-4985-acd6-ff7548cf8d01/?attribution_type=se_rp,40.58
2025-07-16 21:53:22.674493,Used 2023 Hyundai PALISADE Calligraphy,Hyundai,hyundai-palisade,Hyundai PALISADE Calligraphy,Used,2023,"$40,989",$741/mo,"29,815 mi.",Jack Giambalvo Hyundai,"YORK, PA",PA,https://www.cars.com/vehicledetail/bd32bf0c-7ebe-41b1-a2eb-97a297aded63/?attribution_type=se_rp,41.76
2025-07-16 21:53:22.675495,Used 2023 Hyundai PALISADE SEL,Hyundai,hyundai-palisade,Hyundai PALISADE SEL,Used,2023,"$38,998",$705/mo,"13,220 mi.",CarMax Harrisonburg,"Harrisonburg, VA",VA,https://www.cars.com/vehicledetail/0c7890fc-81cb-4a13-a198-07dafdc3b0c4/?attribution_type=se_rp,41.45
2025-07-16 21:53:22.675495,Used 2020 Hyundai PALISADE SEL,Hyundai,hyundai-palisade,Hyundai PALISADE SEL,Used,2020,"$21,500",$389/mo,"93,513 mi.",Porsche Hunt Valley,"Cockeysville, MD",MD,https://www.cars.com/vehicledetail/8fdd4024-a415-4b21-9b5d-c3b757d785d6/?attribution_type=se_rp,39.28
2025-07-16 21:53:22.676496,Used 2020 Hyundai PALISADE Limited,Hyundai,hyundai-palisade,Hyundai PALISADE Limited,Used,2020,"$31,000",$560/mo,"63,530 mi.",Preston Ford Lincoln Hyundai Nissan,"Hurlock, MD",MD,https://www.cars.com/vehicledetail/5ab49eb5-af0b-44b3-8838-add29d0be5d2/?attribution_type=se_rp,40.31
2025-07-16 21:53:22.676496,Used 2020 Hyundai PALISADE Limited,Hyundai,hyundai-palisade,Hyundai PALISADE Limited,Used,2020,"$26,228",$474/mo,"86,935 mi.",Massey Hyundai,"Hagerstown, MD",MD,https://www.cars.com/vehicledetail/046b3737-d620-42e4-8902-8c84f4c0bb1e/?attribution_type=se_rp,39.84
2025-07-16 21:53:22.677616,Used 2020 Hyundai PALISADE Limited,Hyundai,hyundai-palisade,Hyundai PALISADE Limited,Used,2020,"$26,250",$474/mo,"96,121 mi.",Safford Hyundai of Springfield,"Springfield, VA",VA,https://www.cars.com/vehicledetail/f879be65-da80-4459-8695-96843d732cb9/?attribution_type=se_rp,39.91
2025-07-16 21:53:22.677616,Certified 2023 Hyundai PALISADE Calligraphy,Hyundai,hyundai-palisade,Hyundai PALISADE Calligraphy,Certified,2023,"$37,995",$687/mo,"42,502 mi.",Ourisman Hyundai,"Laurel, MD",MD,https://www.cars.com/vehicledetail/04f29ae1-cab6-458f-b52c-8f26b7d6d115/?attribution_type=se_rp,41.32
2025-07-16 21:53:22.677616,Used 2023 Hyundai PALISADE Calligraphy,Hyundai,hyundai-palisade,Hyundai PALISADE Calligraphy,Used,2023,"$39,000",$705/mo,"38,901 mi.",Safford Chrysler Jeep Dodge RAM Fiat of,"Springfield, VA",VA,https://www.cars.com/vehicledetail/ff59b69a-177b-424a-984d-960f47b5493e/?attribution_type=se_rp,41.47
2025-07-16 21:53:22.678620,Used 2022 Hyundai PALISADE SEL,Hyundai,hyundai-palisade,Hyundai PALISADE SEL,Used,2022,"$26,500",$479/mo,"90,728 mi.",Preston Ford Lincoln Hyundai Nissan,"Hurlock, MD",MD,https://www.cars.com/vehicledetail/6dc9e5dd-fead-4545-88ed-bb2f6a15c7e4/?attribution_type=se_rp,39.98
2025-07-16 21:53:23.205895,Certified 2023 Hyundai SANTA CRUZ SEL,Hyundai,hyundai-santa_cruz,Hyundai SANTA CRUZ SEL,Certified,2023,"$23,500",$425/mo,"46,677 mi.",Koons Sterling Ford,"Sterling, VA",VA,https://www.cars.com/vehicledetail/6efd4c53-71d0-4e17-a70c-0cceaf932363/,39.46
2025-07-16 21:53:23.205895,Used 2023 Hyundai SANTA CRUZ,Hyundai,hyundai-santa_cruz,Hyundai SANTA CRUZ,Used,2023,"$28,700",$519/mo,"16,809 mi.",Lindsay Chrysler Dodge Jeep Ram,"Manassas, VA",VA,https://www.cars.com/vehicledetail/92005df5-6423-4268-8dbe-28b1bbd4f85e/,40.1
2025-07-16 21:53:23.207898,Used 2024 Hyundai SANTA CRUZ NIGHT,Hyundai,hyundai-santa_cruz,Hyundai SANTA CRUZ NIGHT,Used,2024,"$31,500",$569/mo,"6,852 mi.",Ted Britt Ford - We Will Buy Your Car,"Fairfax, VA",VA,https://www.cars.com/vehicledetail/dab54dba-ccd2-4fc5-846f-ed8bb5eab51c/,40.54
2025-07-16 21:53:23.207898,Used 2022 Hyundai SANTA CRUZ SEL,Hyundai,hyundai-santa_cruz,Hyundai SANTA CRUZ SEL,Used,2022,"$20,495",$370/mo,"65,727 mi.",Imperial Auto LLC,"Manassas, VA",VA,https://www.cars.com/vehicledetail/3b28a66f-8017-4598-8542-abf1a7597cb3/,39.08
2025-07-16 21:53:23.207898,Certified 2023 Hyundai SANTA CRUZ NIGHT,Hyundai,hyundai-santa_cruz,Hyundai SANTA CRUZ NIGHT,Certified,2023,"$26,500",$479/mo,"18,102 mi.",Ted Britt Ford Lincoln of Chantilly,"Chantilly, VA",VA,https://www.cars.com/vehicledetail/895158eb-4beb-45b0-813d-b7594e73ca9b/,39.82
2025-07-16 21:53:23.208900,Used 2023 Hyundai SANTA CRUZ SEL Premium,Hyundai,hyundai-santa_cruz,Hyundai SANTA CRUZ SEL Premium,Used,2023,"$25,000",$452/mo,"26,451 mi.",Toyota of Woodbridge,"Woodbridge, VA",VA,https://www.cars.com/vehicledetail/3deb1b27-744e-41a7-a63a-e70d9810d2cf/?attribution_type=se_rp,39.63
2025-07-16 21:53:23.208900,Used 2025 Hyundai SANTA CRUZ SEL,Hyundai,hyundai-santa_cruz,Hyundai SANTA CRUZ SEL,Used,2025,"$30,000",$542/mo,"5,812 mi.",Heritage Mazda Towson,"Lutherville, MD",MD,https://www.cars.com/vehicledetail/68301154-c2d3-4492-a1c0-b93285a3b5ba/?attribution_type=se_rp,40.44
2025-07-16 21:53:23.209900,Used 2023 Hyundai SANTA CRUZ Limited,Hyundai,hyundai-santa_cruz,Hyundai SANTA CRUZ Limited,Used,2023,"$27,697",$501/mo,"42,290 mi.",Malloy Toyota,"Winchester, VA",VA,https://www.cars.com/vehicledetail/681e4fb2-51a2-409d-9b14-0530113df6fa/?attribution_type=se_rp,39.99
2025-07-16 21:53:23.209900,Used 2022 Hyundai SANTA CRUZ Limited,Hyundai,hyundai-santa_cruz,Hyundai SANTA CRUZ Limited,Used,2022,"$31,995",$578/mo,"21,285 mi.",Jones Toyota,"Bel Air, MD",MD,https://www.cars.com/vehicledetail/30d09a6a-2f22-4b88-b2f4-b4582dd6d547/?attribution_type=se_rp,40.45
2025-07-16 21:53:23.209900,Used 2023 Hyundai SANTA CRUZ SEL,Hyundai,hyundai-santa_cruz,Hyundai SANTA CRUZ SEL,Used,2023,"$25,989",$470/mo,"25,085 mi.",Battlefield Toyota of Culpeper,"Culpeper, VA",VA,https://www.cars.com/vehicledetail/d1fa6c5d-ddf9-4819-b827-111f908bb4c4/?attribution_type=se_rp,39.76
2025-07-16 21:53:23.211405,Used 2024 Hyundai SANTA CRUZ 2.5T Limited,Hyundai,hyundai-santa_cruz,Hyundai SANTA CRUZ 2.5T Limited,Used,2024,"$32,860",$594/mo,"18,859 mi.",Miller Brothers Chevrolet,"Ellicott City, MD",MD,https://www.cars.com/vehicledetail/511486d2-0882-494e-aedd-cc865ec2f901/?attribution_type=se_rp,40.71
2025-07-16 21:53:23.211405,Used 2022 Hyundai SANTA CRUZ SEL Premium,Hyundai,hyundai-santa_cruz,Hyundai SANTA CRUZ SEL Premium,Used,2022,"$20,497",$370/mo,"106,327 mi.",CMA Hyundai of Winchester,"Winchester, VA",VA,https://www.cars.com/vehicledetail/4fe30402-fefc-4954-8da1-7b8cae6e3ff8/?attribution_type=se_rp,39.33
2025-07-16 21:53:23.212411,Used 2022 Hyundai SANTA CRUZ 2.5L SEL,Hyundai,hyundai-santa_cruz,Hyundai SANTA CRUZ 2.5L SEL,Used,2022,"$25,700",$464/mo,"47,754 mi.",Preston Ford Lincoln Hyundai Nissan,"Hurlock, MD",MD,https://www.cars.com/vehicledetail/6133b7ae-1dbe-43bb-bae2-2a567fec81b5/?attribution_type=se_rp,39.67
2025-07-16 21:53:23.212411,Used 2024 Hyundai SANTA CRUZ SEL,Hyundai,hyundai-santa_cruz,Hyundai SANTA CRUZ SEL,Used,2024,"$29,950",$541/mo,"5,896 mi.",Hyundai of Dundalk,"Baltimore, MD",MD,https://www.cars.com/vehicledetail/811a780e-bf97-41f0-97d9-4b09d3bf24b9/?attribution_type=se_rp,40.34
2025-07-16 21:53:23.213412,Used 2024 Hyundai SANTA CRUZ 2.5T Limited,Hyundai,hyundai-santa_cruz,Hyundai SANTA CRUZ 2.5T Limited,Used,2024,"$30,970",$560/mo,"9,204 mi.",Sheehy Volvo Cars Hunt Valley,"Hunt Valley, MD",MD,https://www.cars.com/vehicledetail/efd37867-3ce1-4805-9e4d-1c197aa3cbb1/?attribution_type=se_rp,40.47
2025-07-16 21:53:26.522792,Used 2019 Hyundai Santa Fe XL SE,Hyundai,hyundai-santa_fe_xl,Hyundai Santa Fe XL SE,Used,2019,"$18,991",$343/mo,"44,037 mi.",Passport Mazda,"Camp Springs, MD",MD,https://www.cars.com/vehicledetail/485d7123-79ed-47e7-9dc8-f7aac9b123a8/?attribution_type=se_rp,38.68
2025-07-16 21:53:24.811604,Used 2022 Hyundai SANTA FE HEV SEL Premium,Hyundai,hyundai-santa_fe_hev,Hyundai SANTA FE HEV SEL Premium,Used,2022,"$27,377",$495/mo,"38,192 mi.",Lindsay Volkswagen of Dulles,"Sterling, VA",VA,https://www.cars.com/vehicledetail/883d8dcd-d27a-4042-bfe7-c21a09c66b6b/,39.88
2025-07-16 21:53:24.811604,Used 2023 Hyundai SANTA FE HEV Blue,Hyundai,hyundai-santa_fe_hev,Hyundai SANTA FE HEV Blue,Used,2023,"$26,900",$486/mo,"60,058 mi.",Parsons Ford Lincoln,"Martinsburg, WV",WV,https://www.cars.com/vehicledetail/17765dbd-6272-4a54-9ca4-d5a0160656c6/,39.91
2025-07-16 21:53:24.811604,Used 2022 Hyundai SANTA FE HEV SEL Premium,Hyundai,hyundai-santa_fe_hev,Hyundai SANTA FE HEV SEL Premium,Used,2022,"$25,609",$463/mo,"48,177 mi.",Chapman Ford Lancaster,"Lancaster, PA",PA,https://www.cars.com/vehicledetail/57e799bd-422b-45e5-80f2-7dcf028d8465/?attribution_type=se_rp,39.66
2025-07-16 21:53:24.811604,Used 2025 Hyundai SANTA FE HEV Calligraphy,Hyundai,hyundai-santa_fe_hev,Hyundai SANTA FE HEV Calligraphy,Used,2025,"$44,422",$803/mo,"10,672 mi.",Anderson of Abingdon,"Abingdon, MD",MD,https://www.cars.com/vehicledetail/6b79d195-a814-4bdd-928c-d7ebc25904e0/?attribution_type=se_rp,42.41
2025-07-16 21:53:24.811604,Used 2021 Hyundai SANTA FE HEV Blue,Hyundai,hyundai-santa_fe_hev,Hyundai SANTA FE HEV Blue,Used,2021,"$24,758",$447/mo,"58,612 mi.",Jones Preowned Superstore,"Fallston, MD",MD,https://www.cars.com/vehicledetail/2f74a9f2-5276-40e9-ab14-0fcddf555262/?attribution_type=se_rp,39.53
2025-07-16 21:53:24.811604,Used 2023 Hyundai SANTA FE HEV SEL Premium,Hyundai,hyundai-santa_fe_hev,Hyundai SANTA FE HEV SEL Premium,Used,2023,"$29,142",$527/mo,"25,393 mi.",Annapolis Hyundai,"Edgewater, MD",MD,https://www.cars.com/vehicledetail/e0446f7c-14d9-4404-9a68-2bae42d044ff/?attribution_type=se_rp,40.16
2025-07-16 21:53:24.814087,Used 2025 Hyundai SANTA FE HEV Limited,Hyundai,hyundai-santa_fe_hev,Hyundai SANTA FE HEV Limited,Used,2025,"$41,998",$759/mo,"4,550 mi.",Jones Preowned Superstore,"Fallston, MD",MD,https://www.cars.com/vehicledetail/aa1bd8b4-9b37-4c48-bfbd-260970bfddd4/?attribution_type=se_rp,42.05
2025-07-16 21:53:24.814087,Used 2022 Hyundai SANTA FE HEV SEL Premium,Hyundai,hyundai-santa_fe_hev,Hyundai SANTA FE HEV SEL Premium,Used,2022,"$26,995",$488/mo,"38,703 mi.",Passport Nissan of Alexandria,"Alexandria, VA",VA,https://www.cars.com/vehicledetail/84ea8973-5809-4028-a6ff-87ca597a6849/?attribution_type=se_rnp,39.83
2025-07-16 21:53:24.814087,Used 2022 Hyundai SANTA FE HEV SEL Premium,Hyundai,hyundai-santa_fe_hev,Hyundai SANTA FE HEV SEL Premium,Used,2022,"$23,500",$425/mo,"57,985 mi.",Koons Woodbridge Hyundai,"Woodbridge, VA",VA,https://www.cars.com/vehicledetail/bb2244dd-8145-46c4-a112-616fd9d5556c/?attribution_type=se_rnp,39.42
2025-07-16 21:53:25.630139,Used 2022 Hyundai Santa Fe Plug-In Hybrid SEL Convenience,Hyundai,hyundai-santa_fe_plug_in_hybrid,Hyundai Santa Fe Plug-In Hybrid SEL Convenience,Used,2022,"$24,299",$439/mo,"71,652 mi.",McDonald Hyundai,"Highlands Ranch, CO",CO,https://www.cars.com/vehicledetail/45d859a0-f688-4dd1-850d-6a3a7ffa6ad3/?attribution_type=se_rp,39.59
2025-07-16 21:53:25.631642,Used 2023 Hyundai Santa Fe Plug-In Hybrid SEL Convenience,Hyundai,hyundai-santa_fe_plug_in_hybrid,Hyundai Santa Fe Plug-In Hybrid SEL Convenience,Used,2023,"$28,880",$522/mo,"8,930 mi.",Hyundai of Trenton,"Ewing Township, NJ",NJ,https://www.cars.com/vehicledetail/c524b67e-ea95-4355-8d34-f70d8046ecc4/?attribution_type=se_rp,40.12
2025-07-16 21:53:25.631642,Certified 2022 Hyundai Santa Fe Plug-In Hybrid Limited,Hyundai,hyundai-santa_fe_plug_in_hybrid,Hyundai Santa Fe Plug-In Hybrid Limited,Certified,2022,"$33,990",$614/mo,"15,616 mi.",Ed Voyles Hyundai,"Smyrna, GA",GA,https://www.cars.com/vehicledetail/2fcc370b-f906-485b-b805-96f04b837c8e/?attribution_type=se_rp,40.7
2025-07-16 21:53:25.632700,Certified 2022 Hyundai Santa Fe Plug-In Hybrid SEL Convenience,Hyundai,hyundai-santa_fe_plug_in_hybrid,Hyundai Santa Fe Plug-In Hybrid SEL Convenience,Certified,2022,"$29,899",$540/mo,"17,978 mi.",Buerkle Hyundai,"Saint Paul, MN",MN,https://www.cars.com/vehicledetail/d888feff-1829-4954-9d6f-fbbf5775c7e4/?attribution_type=se_rp,40.18
2025-07-16 21:53:25.632700,Used 2022 Hyundai Santa Fe Plug-In Hybrid Limited,Hyundai,hyundai-santa_fe_plug_in_hybrid,Hyundai Santa Fe Plug-In Hybrid Limited,Used,2022,"$31,888",$576/mo,"27,664 mi.",Capitol Mazda,"San Jose, CA",CA,https://www.cars.com/vehicledetail/1f5ab472-7b6e-45a0-8387-c3f3bdf09656/?attribution_type=se_rp,40.44
2025-07-16 21:53:25.632700,Used 2022 Hyundai Santa Fe Plug-In Hybrid Limited,Hyundai,hyundai-santa_fe_plug_in_hybrid,Hyundai Santa Fe Plug-In Hybrid Limited,Used,2022,"$30,998",$560/mo,"43,508 mi.",CarMax Irvine,"Irvine, CA",CA,https://www.cars.com/vehicledetail/14083285-0837-43b9-bd23-34db1140ac41/?attribution_type=se_rp,40.34
2025-07-16 21:53:25.632700,Used 2022 Hyundai Santa Fe Plug-In Hybrid SEL Convenience,Hyundai,hyundai-santa_fe_plug_in_hybrid,Hyundai Santa Fe Plug-In Hybrid SEL Convenience,Used,2022,"$25,300",$457/mo,"29,593 mi.",Wilkins Mazda,"Elmhurst, IL",IL,https://www.cars.com/vehicledetail/5d91a0f2-9429-4f7f-823f-ab87d19090ea/?attribution_type=se_rp,39.61
2025-07-16 21:53:25.632700,Certified 2022 Hyundai Santa Fe Plug-In Hybrid SEL Convenience,Hyundai,hyundai-santa_fe_plug_in_hybrid,Hyundai Santa Fe Plug-In Hybrid SEL Convenience,Certified,2022,"$30,994",$560/mo,"21,407 mi.",Buerkle Hyundai,"Saint Paul, MN",MN,https://www.cars.com/vehicledetail/0808feeb-2180-4bc3-99e5-525aa8b84571/?attribution_type=se_rp,40.33
2025-07-16 21:53:25.632700,Certified 2022 Hyundai Santa Fe Plug-In Hybrid SEL Convenience,Hyundai,hyundai-santa_fe_plug_in_hybrid,Hyundai Santa Fe Plug-In Hybrid SEL Convenience,Certified,2022,"$22,137",$400/mo,"67,421 mi.",Shaker's Family Hyundai,"Watertown, CT",CT,https://www.cars.com/vehicledetail/73c07e4c-d32d-4c00-974c-50ae33ba8632/?attribution_type=se_rp,39.3
2025-07-16 21:53:25.632700,Used 2022 Hyundai Santa Fe Plug-In Hybrid SEL Convenience,Hyundai,hyundai-santa_fe_plug_in_hybrid,Hyundai Santa Fe Plug-In Hybrid SEL Convenience,Used,2022,"$28,195",$510/mo,"28,048 mi.",Buerkle Hyundai,"Saint Paul, MN",MN,https://www.cars.com/vehicledetail/965d45fd-a68c-4737-a0a6-31cb0b1f7f95/?attribution_type=se_rp,39.98
2025-07-16 21:53:23.297503,Used 2021 Hyundai KONA EV SEL,Hyundai,hyundai-kona_ev,Hyundai KONA EV SEL,Used,2021,"$19,375",$350/mo,"22,136 mi.",Easterns Automotive Group of Sterling- C,"Sterling, VA",VA,https://www.cars.com/vehicledetail/eb7fda73-bb0d-4eb0-b8d1-6456572b2a37/,38.79
2025-07-16 21:53:23.297503,Used 2020 Hyundai KONA EV SEL,Hyundai,hyundai-kona_ev,Hyundai KONA EV SEL,Used,2020,"$17,000",$307/mo,"27,176 mi.",Cherner Brothers Auto Brokers,"Kensington, MD",MD,https://www.cars.com/vehicledetail/72cd167a-cbe9-4362-bec4-bb4fb775b18f/,38.44
2025-07-16 21:53:23.297503,Used 2019 Hyundai KONA EV Ultimate,Hyundai,hyundai-kona_ev,Hyundai KONA EV Ultimate,Used,2019,"$16,995",$307/mo,"58,785 mi.",Carmart,"Manassas, VA",VA,https://www.cars.com/vehicledetail/a8ba20d3-97f0-4306-9efb-e655ba24e979/,38.47
2025-07-16 21:53:23.298507,Used 2023 Hyundai KONA EV Limited,Hyundai,hyundai-kona_ev,Hyundai KONA EV Limited,Used,2023,"$27,490",$497/mo,"9,849 mi.",Easterns Automotive Group of Frederick,"Frederick, MD",MD,https://www.cars.com/vehicledetail/cb34f0f3-d725-4651-8f9a-bd8d8ec8934f/,39.94
2025-07-16 21:53:23.298507,Used 2021 Hyundai KONA EV Ultimate,Hyundai,hyundai-kona_ev,Hyundai KONA EV Ultimate,Used,2021,"$21,490",$388/mo,"44,829 mi.",Easterns Automotive Group of Sterling- C,"Sterling, VA",VA,https://www.cars.com/vehicledetail/2ea1df25-27f7-4715-8ed7-44cd5e51a6e9/,39.09
2025-07-16 21:53:23.298507,Used 2023 Hyundai KONA EV SE,Hyundai,hyundai-kona_ev,Hyundai KONA EV SE,Used,2023,"$20,999",$379/mo,"16,227 mi.",Ourisman Kia of Bethesda,"Bethesda, MD",MD,https://www.cars.com/vehicledetail/9402a01b-e9c2-4678-9df1-ed35b6cf7cd6/,39.11
2025-07-16 21:53:23.299508,Used 2024 Hyundai KONA EV SEL,Hyundai,hyundai-kona_ev,Hyundai KONA EV SEL,Used,2024,"$28,900",$522/mo,"6,073 mi.",Plaza Cadillac,"Leesburg, FL",FL,https://www.cars.com/vehicledetail/53ece394-5bae-4351-8e00-7d3931f90862/?attribution_type=se_rp,40.2
2025-07-16 21:53:23.299508,Certified 2022 Hyundai KONA EV SEL,Hyundai,hyundai-kona_ev,Hyundai KONA EV SEL,Certified,2022,"$19,999",$361/mo,"13,062 mi.",Lee Johnson Hyundai of Everett,"Everett, WA",WA,https://www.cars.com/vehicledetail/adad6732-7b8c-4273-8581-4a23cf1f7075/?attribution_type=se_rp,38.91
2025-07-16 21:53:23.300506,Used 2023 Hyundai KONA EV SEL,Hyundai,hyundai-kona_ev,Hyundai KONA EV SEL,Used,2023,"$18,973",$343/mo,"45,799 mi.",Bill Luke Tempe,"Tempe, AZ",AZ,https://www.cars.com/vehicledetail/a5307e86-e8c3-4f05-8ff8-ef34f2ea1282/?attribution_type=se_rp,38.91
2025-07-16 21:53:23.300506,Certified 2023 Hyundai KONA EV Limited,Hyundai,hyundai-kona_ev,Hyundai KONA EV Limited,Certified,2023,"$23,990",$434/mo,"8,100 mi.",Riverhead Hyundai & Riverhead Nissan,"Riverhead, NY",NY,https://www.cars.com/vehicledetail/1e13ff87-e9f3-465c-8826-88c8434f8aeb/?attribution_type=se_rp,39.48
2025-07-16 21:53:23.300506,Used 2022 Hyundai KONA EV SEL,Hyundai,hyundai-kona_ev,Hyundai KONA EV SEL,Used,2022,"$20,000",$361/mo,"48,015 mi.",AutoMax Preowned Marlborough,"Marlborough, MA",MA,https://www.cars.com/vehicledetail/9c005ac9-ae32-440a-b27d-b9b3da30ca96/?attribution_type=se_rp,38.97
2025-07-16 21:53:23.301507,Certified 2023 Hyundai KONA EV SEL,Hyundai,hyundai-kona_ev,Hyundai KONA EV SEL,Certified,2023,"$23,995",$434/mo,"38,259 mi.",Puente Hills Hyundai,"City Of Industry, CA",CA,https://www.cars.com/vehicledetail/5cfc7b93-ca33-462e-b8a5-c7c807414b95/?attribution_type=se_rp,39.52
2025-07-16 21:53:23.301507,Certified 2024 Hyundai KONA EV Limited,Hyundai,hyundai-kona_ev,Hyundai KONA EV Limited,Certified,2024,"$28,888",$522/mo,"20,170 mi.",Big Star Hyundai,"Friendswood, TX",TX,https://www.cars.com/vehicledetail/6bf1ca48-9617-49a2-8103-e1cd910d1249/?attribution_type=se_rp,40.19
2025-07-16 21:53:23.302506,Used 2022 Hyundai KONA EV Limited,Hyundai,hyundai-kona_ev,Hyundai KONA EV Limited,Used,2022,"$20,488",$370/mo,"49,886 mi.",Herb Chambers Cadillac and Herb Chambers Maserati of Warwick,"Warwick, RI",RI,https://www.cars.com/vehicledetail/665439a8-36df-4e08-816a-8c49b94d8814/?attribution_type=se_rp,39.03
2025-07-16 21:53:23.302506,Used 2023 Hyundai KONA EV Limited,Hyundai,hyundai-kona_ev,Hyundai KONA EV Limited,Used,2023,"$27,998",$506/mo,"8,073 mi.",CarMax Boise (Meridian),"MERIDIAN, ID",ID,https://www.cars.com/vehicledetail/60829683-fd07-4cb6-b18b-a840cb15e067/?attribution_type=se_rp,40.0
2025-07-16 21:53:23.302506,Used 2021 Hyundai KONA EV Limited,Hyundai,hyundai-kona_ev,Hyundai KONA EV Limited,Used,2021,"$19,847",$359/mo,"46,757 mi.",Madera Toyota,"Madera, CA",CA,https://www.cars.com/vehicledetail/19a4881e-a8c4-46b5-aa62-1942e5197985/?attribution_type=se_rp,38.89
2025-07-16 21:53:30.448877,Used 2022 Hyundai SONATA Hybrid Limited,Hyundai,hyundai-sonata_hybrid,Hyundai SONATA Hybrid Limited,Used,2022,"$24,925",$450/mo,"47,543 mi.",Easterns Automotive Group of Frederick,"Frederick, MD",MD,https://www.cars.com/vehicledetail/a82ad183-e02f-4b7f-b3a1-807a1ffc70d8/,39.58
2025-07-16 21:53:30.449876,Used 2020 Hyundai SONATA Hybrid Limited,Hyundai,hyundai-sonata_hybrid,Hyundai SONATA Hybrid Limited,Used,2020,"$21,981",$397/mo,"43,506 mi.",Joyce Koons Honda Buick GMC,"Manassas, VA",VA,https://www.cars.com/vehicledetail/d5ae0def-121f-462a-b17d-f25d9f880f77/,39.1
2025-07-16 21:53:30.449876,Used 2022 Hyundai SONATA Hybrid Limited,Hyundai,hyundai-sonata_hybrid,Hyundai SONATA Hybrid Limited,Used,2022,"$21,985",$397/mo,"63,286 mi.",Renn Kirby Mitsubishi,"Frederick, MD",MD,https://www.cars.com/vehicledetail/8fc7b8df-a31e-41df-8fa8-623d7bacc018/,39.25
2025-07-16 21:53:30.449876,Used 2017 Hyundai SONATA Hybrid Limited,Hyundai,hyundai-sonata_hybrid,Hyundai SONATA Hybrid Limited,Used,2017,"$11,812",$213/mo,"111,197 mi.",Precise Automotive Group,"Chantilly, VA",VA,https://www.cars.com/vehicledetail/3ad6117d-197a-4932-87ea-9c02d080389a/,38.12
2025-07-16 21:53:30.450876,Used 2023 Hyundai SONATA Hybrid Limited,Hyundai,hyundai-sonata_hybrid,Hyundai SONATA Hybrid Limited,Used,2023,"$27,489",$497/mo,"12,434 mi.",Jack Giambalvo Hyundai,"YORK, PA",PA,https://www.cars.com/vehicledetail/faf88f57-4a10-4e99-bea4-78c24b2da100/?attribution_type=se_rp,39.94
2025-07-16 21:53:30.450876,Used 2023 Hyundai SONATA Hybrid SEL,Hyundai,hyundai-sonata_hybrid,Hyundai SONATA Hybrid SEL,Used,2023,"$21,981",$397/mo,"34,868 mi.",Antwerpen Mitsubishi,"Randallstown, MD",MD,https://www.cars.com/vehicledetail/cee430df-d701-4960-8a99-839e20c86589/?attribution_type=se_rp,39.26
2025-07-16 21:53:30.450876,Used 2014 Hyundai SONATA Hybrid Limited,Hyundai,hyundai-sonata_hybrid,Hyundai SONATA Hybrid Limited,Used,2014,"$9,250",$167/mo,"136,533 mi.",Steven Kia,"Harrisonburg, VA",VA,https://www.cars.com/vehicledetail/6787e16c-25a9-4445-836d-82b2b58458b7/?attribution_type=se_rp,38.09
2025-07-16 21:53:30.451876,Used 2022 Hyundai SONATA Hybrid SE,Hyundai,hyundai-sonata_hybrid,Hyundai SONATA Hybrid SE,Used,2022,"$22,950",$415/mo,"29,480 mi.",Hyundai of Dundalk,"Baltimore, MD",MD,https://www.cars.com/vehicledetail/c3220e8d-bee8-4f05-8d64-2528cae2286a/?attribution_type=se_rp,39.31
2025-07-16 21:53:30.451876,Used 2022 Hyundai SONATA Hybrid Limited,Hyundai,hyundai-sonata_hybrid,Hyundai SONATA Hybrid Limited,Used,2022,"$23,950",$433/mo,"44,993 mi.",Easterns Automotive Group of Baltimore,"Rosedale, MD",MD,https://www.cars.com/vehicledetail/d6bddef4-68fb-4f8b-959c-1f5865039fa6/?attribution_type=se_rp,39.45
2025-07-16 21:53:30.451876,Used 2022 Hyundai SONATA Hybrid Base,Hyundai,hyundai-sonata_hybrid,Hyundai SONATA Hybrid Base,Used,2022,"$22,950",$415/mo,"24,561 mi.",Easterns Automotive Group of Laurel,"Laurel, MD",MD,https://www.cars.com/vehicledetail/a51f5051-f4a2-46a1-8b24-ea4d08dbb7df/?attribution_type=se_rp,39.3
2025-07-16 21:53:30.452876,Used 2022 Hyundai SONATA Hybrid Limited,Hyundai,hyundai-sonata_hybrid,Hyundai SONATA Hybrid Limited,Used,2022,"$24,550",$444/mo,"23,645 mi.",Easterns Automotive Group of Glen Burnie,"Millersville, MD",MD,https://www.cars.com/vehicledetail/86ae5520-c64d-40c3-bea5-6d4bde608af5/?attribution_type=se_rp,39.51
2025-07-16 21:53:30.452876,Used 2022 Hyundai SONATA Hybrid SE,Hyundai,hyundai-sonata_hybrid,Hyundai SONATA Hybrid SE,Used,2022,"$21,950",$397/mo,"35,946 mi.",Easterns Automotive Group of Glen Burnie,"Millersville, MD",MD,https://www.cars.com/vehicledetail/548d5bcc-60a8-4ee3-a9d6-c6cf01817726/?attribution_type=se_rp,39.19
2025-07-16 21:53:30.453876,Used 2023 Hyundai SONATA Hybrid SE,Hyundai,hyundai-sonata_hybrid,Hyundai SONATA Hybrid SE,Used,2023,"$24,690",$446/mo,"10,828 mi.",Easterns Automotive Group of Alexandria,"Alexandria, VA",VA,https://www.cars.com/vehicledetail/37ac7a38-bf85-4c44-8f4b-22504667febf/?attribution_type=se_rp,39.57
2025-07-16 21:53:30.453876,Used 2022 Hyundai SONATA Hybrid Base,Hyundai,hyundai-sonata_hybrid,Hyundai SONATA Hybrid Base,Used,2022,"$21,950",$397/mo,"38,329 mi.",Easterns Automotive Group of Glen Burnie,"Millersville, MD",MD,https://www.cars.com/vehicledetail/ace1f153-7808-4532-8069-5aa75130edd4/?attribution_type=se_rp,39.2
2025-07-16 21:53:26.424659,Used 2018 Hyundai Santa Fe Sport 2.4L,Hyundai,hyundai-santa_fe_sport,Hyundai Santa Fe Sport 2.4L,Used,2018,"$12,500",$226/mo,"114,568 mi.",Safford Brown Hyundai Manassas,"Manassas, VA",VA,https://www.cars.com/vehicledetail/280da3d1-0823-4d5b-bcd7-a19bb0c0a529/,38.25
2025-07-16 21:53:26.425660,Used 2017 Hyundai Santa Fe Sport,Hyundai,hyundai-santa_fe_sport,Hyundai Santa Fe Sport,Used,2017,"$16,998",$307/mo,"76,600 mi.",CarMax Dulles,"Sterling, VA",VA,https://www.cars.com/vehicledetail/61525f23-aacc-42c5-9cbf-fd3bfdc33e2a/,38.49
2025-07-16 21:53:26.425660,Used 2017 Hyundai Santa Fe Sport 2.4L,Hyundai,hyundai-santa_fe_sport,Hyundai Santa Fe Sport 2.4L,Used,2017,"$10,487",$190/mo,"133,635 mi.",Bennett Toyota,"Lebanon, PA",PA,https://www.cars.com/vehicledetail/e4b3644c-8b1e-401d-bf4d-55ca1f6a138e/?attribution_type=se_rp,38.16
2025-07-16 21:53:26.426661,Used 2015 Hyundai Santa Fe Sport 2.4L,Hyundai,hyundai-santa_fe_sport,Hyundai Santa Fe Sport 2.4L,Used,2015,"$13,495",$244/mo,"106,622 mi.",DriveTime of Owings Mills,"Owings Mills, MD",MD,https://www.cars.com/vehicledetail/88639830-746a-472b-99a3-a7243ffe6d90/?attribution_type=se_rp,38.26
2025-07-16 21:53:26.426661,Used 2015 Hyundai Santa Fe Sport 2.4L,Hyundai,hyundai-santa_fe_sport,Hyundai Santa Fe Sport 2.4L,Used,2015,"$14,995",$271/mo,"97,301 mi.",DriveTime of Temple Hills,"Temple Hills, MD",MD,https://www.cars.com/vehicledetail/3c46f759-0506-414a-954b-153ab0331bb2/?attribution_type=se_rp,38.35
2025-07-16 21:53:26.427394,Used 2017 Hyundai Santa Fe Sport 2.4L,Hyundai,hyundai-santa_fe_sport,Hyundai Santa Fe Sport 2.4L,Used,2017,"$10,859",$196/mo,"115,524 mi.",Sheehy Hyundai of Waldorf,"Waldorf, MD",MD,https://www.cars.com/vehicledetail/f7bea954-1533-45c0-8c34-a5161d0b890c/?attribution_type=se_rnp,38.04
2025-07-16 21:53:26.427394,Used 2016 Hyundai Santa Fe Sport 2.0T,Hyundai,hyundai-santa_fe_sport,Hyundai Santa Fe Sport 2.0T,Used,2016,"$16,998",$307/mo,"88,115 mi.",CarMax White Marsh,"White Marsh, MD",MD,https://www.cars.com/vehicledetail/7a90ed3d-7cdf-4823-b5a2-1af29e58856a/?attribution_type=se_rnp,38.55
2025-07-16 21:53:26.427908,Used 2018 Hyundai Santa Fe Sport 2.4L,Hyundai,hyundai-santa_fe_sport,Hyundai Santa Fe Sport 2.4L,Used,2018,"$13,899",$251/mo,"106,156 mi.",Zimmerman's Automotive,"Mechanicsburg, PA",PA,https://www.cars.com/vehicledetail/da66442c-0204-4d28-a971-cedc0aeb82a4/?attribution_type=se_rnp,38.35
2025-07-16 21:53:26.427908,Used 2018 Hyundai Santa Fe Sport 2.4L,Hyundai,hyundai-santa_fe_sport,Hyundai Santa Fe Sport 2.4L,Used,2018,"$7,900",$143/mo,"145,231 mi.",Toyota of York,"York, PA",PA,https://www.cars.com/vehicledetail/41ae70f3-c8de-44df-8aeb-60fb3abdd941/?attribution_type=se_rnp,37.98
2025-07-16 21:53:27.677397,Used 2023 Hyundai NEXO Limited,Hyundai,hyundai-nexo,Hyundai NEXO Limited,Used,2023,"$14,998",$271/mo,194 mi.,Capitol Hyundai,"San Jose, CA",CA,https://www.cars.com/vehicledetail/7c459067-a763-4a40-b13e-6357ea2e86c7/?attribution_type=se_rp,38.31
2025-07-16 21:53:27.678005,Used 2023 Hyundai NEXO Limited,Hyundai,hyundai-nexo,Hyundai NEXO Limited,Used,2023,"$14,998",$271/mo,162 mi.,Capitol Hyundai,"San Jose, CA",CA,https://www.cars.com/vehicledetail/cad93315-ad02-4d8c-b147-4e770b3aff05/?attribution_type=se_rp,38.31
2025-07-16 21:53:27.678005,Used 2022 Hyundai NEXO Blue,Hyundai,hyundai-nexo,Hyundai NEXO Blue,Used,2022,"$9,998",$181/mo,"23,290 mi.",Genesis Santa Monica,"Santa Monica, CA",CA,https://www.cars.com/vehicledetail/cf9fc073-d15d-4486-9790-ad01daf29170/?attribution_type=se_rnp,37.68
2025-07-16 21:53:33.004976,Used 2016 Hyundai Sonata Plug-In Hybrid Limited,Hyundai,hyundai-sonata_plug_in_hybrid,Hyundai Sonata Plug-In Hybrid Limited,Used,2016,"$17,998",$325/mo,"67,334 mi.",CarMax Garland,"Garland, TX",TX,https://www.cars.com/vehicledetail/e4b59414-bfa4-4ee3-b037-b2881f0f9cf0/?attribution_type=se_rp,38.54
2025-07-16 21:53:33.405330,Used 2003 Hyundai Tiburon GT V6,Hyundai,hyundai-tiburon,Hyundai Tiburon GT V6,Used,2003,"$8,000",$145/mo,"45,134 mi.",Ultimate Motor Cars,"Downers Grove, IL",IL,https://www.cars.com/vehicledetail/0db1d5dd-9ce6-49ae-a31a-49c09c758c4a/?attribution_type=se_rnp,37.21
2025-07-16 21:53:35.903678,Used 2021 Hyundai Veloster N N,Hyundai,hyundai-veloster_n,Hyundai Veloster N N,Used,2021,"$25,400",$459/mo,"34,322 mi.",Len Stoler Hyundai,"Owings Mills, MD",MD,https://www.cars.com/vehicledetail/e9f75da4-699c-4e2f-97ab-6bf8d1ff8d4f/?attribution_type=se_rp,39.57
2025-07-16 21:53:35.903678,Used 2020 Hyundai Veloster N N,Hyundai,hyundai-veloster_n,Hyundai Veloster N N,Used,2020,"$19,800",$358/mo,"53,859 mi.",Sheehy Hyundai of Waldorf,"Waldorf, MD",MD,https://www.cars.com/vehicledetail/145ab14c-fa8d-4666-a104-88f127789c3a/?attribution_type=se_rnp,38.84
2025-07-16 21:53:36.007756,Used 2023 Hyundai TUCSON Plug-In Hybrid SEL,Hyundai,hyundai-tucson_plug_in_hybrid,Hyundai TUCSON Plug-In Hybrid SEL,Used,2023,"$29,800",$539/mo,"26,079 mi.",Len Stoler Hyundai,"Owings Mills, MD",MD,https://www.cars.com/vehicledetail/292177d2-7624-438f-91fe-dcb7c6ad6e2b/?attribution_type=se_rp,40.25
